Filename,Category
Img1137.jpg,Teenagers
Img3633.jpg,Toddler
Img1474.jpg,Adults
Img3459.jpg,Teenagers
Img5578.jpg,Toddler
Img5052.jpg,Adults
Img1794.jpg,Teenagers
Img6559.jpg,Toddler
Img5086.jpg,Adults
Img1401.jpg,Teenagers
Img3550.jpg,Toddler
Img5747.jpg,Adults
Img1283.jpg,Teenagers
Img3603.jpg,Toddler
Img1806.jpg,Adults
Img1153.jpg,Teenagers
Img1370.jpg,Toddler
Img5335.jpg,Adults
Img1038.jpg,Teenagers
Img6068.jpg,Toddler
Img4628.jpg,Adults
Img2294.jpg,Teenagers
Img5140.jpg,Toddler
Img2192.jpg,Adults
Img1716.jpg,Teenagers
Img1444.jpg,Toddler
Img4105.jpg,Adults
Img1389.jpg,Teenagers
Img2090.jpg,Toddler
Img3128.jpg,Adults
Img1288.jpg,Teenagers
Img5656.jpg,Toddler
Img6871.jpg,Adults
Img1248.jpg,Teenagers
Img1093.jpg,Toddler
Img3051.jpg,Adults
Img4982.jpg,Teenagers
Img1403.jpg,Toddler
Img3657.jpg,Adults
Img6051.jpg,Teenagers
Img2151.jpg,Toddler
Img1488.jpg,Adults
Img3429.jpg,Teenagers
Img1338.jpg,Toddler
Img3171.jpg,Adults
Img2447.jpg,Teenagers
Img1631.jpg,Toddler
Img3942.jpg,Adults
Img1388.jpg,Teenagers
Img2018.jpg,Toddler
Img1541.jpg,Adults
Img1115.jpg,Teenagers
Img1797.jpg,Toddler
Img2301.jpg,Adults
Img2426.jpg,Teenagers
Img2369.jpg,Toddler
Img1154.jpg,Adults
Img1331.jpg,Teenagers
Img2196.jpg,Toddler
Img1654.jpg,Adults
Img1780.jpg,Teenagers
Img7681.jpg,Toddler
Img2255.jpg,Adults
Img1020.jpg,Teenagers
Img2270.jpg,Toddler
Img1156.jpg,Adults
Img2235.jpg,Teenagers
Img2227.jpg,Toddler
Img3120.jpg,Adults
Img2485.jpg,Teenagers
Img7678.jpg,Toddler
Img1304.jpg,Adults
Img1157.jpg,Teenagers
Img1109.jpg,Toddler
Img1728.jpg,Adults
Img1484.jpg,Teenagers
Img3142.jpg,Toddler
Img2586.jpg,Adults
Img3835.jpg,Teenagers
Img3881.jpg,Toddler
Img2145.jpg,Adults
Img1850.jpg,Teenagers
Img6695.jpg,Toddler
Img2220.jpg,Adults
Img1864.jpg,Teenagers
Img1928.jpg,Toddler
Img2073.jpg,Adults
Img2524.jpg,Teenagers
Img1704.jpg,Toddler
Img2363.jpg,Adults
Img2267.jpg,Teenagers
Img7867.jpg,Toddler
Img1001.jpg,Adults
Img1337.jpg,Teenagers
Img2885.jpg,Toddler
Img5667.jpg,Adults
Img1286.jpg,Teenagers
Img2465.jpg,Toddler
Img3114.jpg,Adults
Img4328.jpg,Teenagers
Img3211.jpg,Toddler
Img1136.jpg,Adults
Img1621.jpg,Teenagers
Img5128.jpg,Toddler
Img2311.jpg,Adults
Img3148.jpg,Teenagers
Img3081.jpg,Toddler
Img3606.jpg,Adults
Img2247.jpg,Teenagers
Img2940.jpg,Toddler
Img2229.jpg,Adults
Img2316.jpg,Teenagers
Img6122.jpg,Toddler
Img2618.jpg,Adults
Img1875.jpg,Teenagers
Img4218.jpg,Toddler
Img3922.jpg,Adults
Img2351.jpg,Teenagers
Img2216.jpg,Toddler
Img1647.jpg,Adults
Img2228.jpg,Teenagers
Img7126.jpg,Toddler
Img1989.jpg,Adults
Img5705.jpg,Teenagers
Img1981.jpg,Toddler
Img2125.jpg,Adults
Img1753.jpg,Teenagers
Img3660.jpg,Toddler
Img2155.jpg,Adults
Img2055.jpg,Teenagers
Img3741.jpg,Toddler
Img1925.jpg,Adults
Img2154.jpg,Teenagers
Img1787.jpg,Toddler
Img4163.jpg,Adults
Img1740.jpg,Teenagers
Img1186.jpg,Toddler
Img1415.jpg,Adults
Img5066.jpg,Teenagers
Img6153.jpg,Toddler
Img1212.jpg,Adults
Img7560.jpg,Teenagers
Img2445.jpg,Toddler
Img5336.jpg,Adults
Img3026.jpg,Teenagers
Img1562.jpg,Toddler
Img3669.jpg,Adults
Img4606.jpg,Teenagers
Img1090.jpg,Toddler
Img3034.jpg,Adults
Img3931.jpg,Teenagers
Img1823.jpg,Toddler
Img1439.jpg,Adults
Img2134.jpg,Teenagers
Img3096.jpg,Toddler
Img2704.jpg,Adults
Img2286.jpg,Teenagers
Img4179.jpg,Toddler
Img2190.jpg,Adults
Img1546.jpg,Teenagers
Img3823.jpg,Toddler
Img1064.jpg,Adults
Img6376.jpg,Teenagers
Img7345.jpg,Toddler
Img2863.jpg,Adults
Img7195.jpg,Teenagers
Img1310.jpg,Toddler
Img2954.jpg,Adults
Img3413.jpg,Teenagers
Img4339.jpg,Toddler
Img6454.jpg,Adults
Img3374.jpg,Teenagers
Img3222.jpg,Toddler
Img1393.jpg,Adults
Img2454.jpg,Teenagers
Img2046.jpg,Toddler
Img6896.jpg,Adults
Img1569.jpg,Teenagers
Img3024.jpg,Toddler
Img7976.jpg,Adults
Img5768.jpg,Teenagers
Img1776.jpg,Toddler
Img1298.jpg,Adults
Img1122.jpg,Teenagers
Img1844.jpg,Toddler
Img2297.jpg,Adults
Img5182.jpg,Teenagers
Img6426.jpg,Toddler
Img1025.jpg,Adults
Img1847.jpg,Teenagers
Img1746.jpg,Toddler
Img1771.jpg,Adults
Img7683.jpg,Teenagers
Img6057.jpg,Toddler
Img3382.jpg,Adults
Img3350.jpg,Teenagers
Img1909.jpg,Toddler
Img2967.jpg,Adults
Img1931.jpg,Teenagers
Img3907.jpg,Toddler
Img1839.jpg,Adults
Img1628.jpg,Teenagers
Img4549.jpg,Toddler
Img2813.jpg,Adults
Img5576.jpg,Teenagers
Img1311.jpg,Toddler
Img1922.jpg,Adults
Img1915.jpg,Teenagers
Img2642.jpg,Toddler
Img6615.jpg,Adults
Img2082.jpg,Teenagers
Img3740.jpg,Toddler
Img1182.jpg,Adults
Img5456.jpg,Teenagers
Img1573.jpg,Toddler
Img3194.jpg,Adults
Img1270.jpg,Teenagers
Img1168.jpg,Toddler
Img2924.jpg,Adults
Img6458.jpg,Teenagers
Img2406.jpg,Toddler
Img5694.jpg,Adults
Img1466.jpg,Teenagers
Img3433.jpg,Toddler
Img1971.jpg,Adults
Img2391.jpg,Teenagers
Img1950.jpg,Toddler
Img1819.jpg,Adults
Img7862.jpg,Teenagers
Img2085.jpg,Toddler
Img1601.jpg,Adults
Img7078.jpg,Teenagers
Img2501.jpg,Toddler
Img2439.jpg,Adults
Img1699.jpg,Teenagers
Img1175.jpg,Toddler
Img3978.jpg,Adults
Img3629.jpg,Teenagers
Img2365.jpg,Toddler
Img3687.jpg,Adults
Img3983.jpg,Teenagers
Img1451.jpg,Toddler
Img1448.jpg,Adults
Img3496.jpg,Teenagers
Img3074.jpg,Toddler
Img1369.jpg,Adults
Img6271.jpg,Teenagers
Img3917.jpg,Toddler
Img1535.jpg,Adults
Img7243.jpg,Teenagers
Img2318.jpg,Toddler
Img6949.jpg,Adults
Img3469.jpg,Teenagers
Img5245.jpg,Toddler
Img3353.jpg,Adults
Img1766.jpg,Teenagers
Img7417.jpg,Toddler
Img1612.jpg,Adults
Img1155.jpg,Teenagers
Img3976.jpg,Toddler
Img1530.jpg,Adults
Img1077.jpg,Teenagers
Img2672.jpg,Toddler
Img4513.jpg,Adults
Img1851.jpg,Teenagers
Img3356.jpg,Toddler
Img5354.jpg,Adults
Img1955.jpg,Teenagers
Img1279.jpg,Toddler
Img1826.jpg,Adults
Img1305.jpg,Teenagers
Img1792.jpg,Toddler
Img2017.jpg,Adults
Img1417.jpg,Teenagers
Img2081.jpg,Toddler
Img1472.jpg,Adults
Img2602.jpg,Teenagers
Img1114.jpg,Toddler
Img4934.jpg,Adults
Img1733.jpg,Teenagers
Img2307.jpg,Toddler
Img1208.jpg,Adults
Img1811.jpg,Teenagers
Img2629.jpg,Toddler
Img1073.jpg,Adults
Img1017.jpg,Teenagers
Img2420.jpg,Toddler
Img5852.jpg,Adults
Img1071.jpg,Teenagers
Img1382.jpg,Toddler
Img2502.jpg,Adults
Img1499.jpg,Teenagers
Img3731.jpg,Toddler
Img3247.jpg,Adults
Img1872.jpg,Teenagers
Img1252.jpg,Toddler
Img7434.jpg,Adults
Img7130.jpg,Teenagers
Img3033.jpg,Toddler
Img2478.jpg,Adults
Img1183.jpg,Teenagers
Img1360.jpg,Toddler
Img2061.jpg,Adults
Img2685.jpg,Teenagers
Img1868.jpg,Toddler
Img7147.jpg,Adults
Img2677.jpg,Teenagers
Img2455.jpg,Toddler
Img4834.jpg,Adults
Img2040.jpg,Teenagers
Img1951.jpg,Toddler
Img5148.jpg,Adults
Img3968.jpg,Teenagers
Img6290.jpg,Toddler
