Filename,Category
Img1137.jpg,Adults
Img3633.jpg,Adults
Img1474.jpg,Adults
Img3459.jpg,Adults
Img5578.jpg,Toddler
Img5052.jpg,Toddler
Img1794.jpg,Toddler
Img6559.jpg,Toddler
Img5086.jpg,Adults
Img1401.jpg,Adults
Img3550.jpg,Adults
Img5747.jpg,Toddler
Img1283.jpg,Teenagers
Img3603.jpg,Teenagers
Img1806.jpg,Toddler
Img1153.jpg,Adults
Img1370.jpg,Adults
Img5335.jpg,Toddler
Img1038.jpg,Adults
Img6068.jpg,Toddler
Img4628.jpg,Teenagers
Img2294.jpg,Adults
Img5140.jpg,Adults
Img2192.jpg,Adults
Img1716.jpg,Adults
Img1444.jpg,Adults
Img4105.jpg,Toddler
Img1389.jpg,Toddler
Img2090.jpg,Toddler
Img3128.jpg,Teenagers
Img1288.jpg,Adults
Img5656.jpg,Adults
Img6871.jpg,Teenagers
Img1248.jpg,Adults
Img1093.jpg,Adults
Img3051.jpg,Adults
Img4982.jpg,Toddler
Img1403.jpg,Toddler
Img3657.jpg,Adults
Img6051.jpg,Teenagers
Img2151.jpg,Teenagers
Img1488.jpg,Adults
Img3429.jpg,Toddler
Img1338.jpg,Adults
Img3171.jpg,Adults
Img2447.jpg,Adults
Img1631.jpg,Toddler
Img3942.jpg,Adults
Img1388.jpg,Adults
Img2018.jpg,Adults
Img1541.jpg,Adults
Img1115.jpg,Adults
Img1797.jpg,Toddler
Img2301.jpg,Teenagers
Img2426.jpg,Adults
Img2369.jpg,Adults
Img1154.jpg,Adults
Img1331.jpg,Adults
Img2196.jpg,Adults
Img1654.jpg,Adults
Img1780.jpg,Teenagers
Img7681.jpg,Adults
Img2255.jpg,Adults
Img1020.jpg,Adults
Img2270.jpg,Adults
Img1156.jpg,Teenagers
Img2235.jpg,Toddler
Img2227.jpg,Adults
Img3120.jpg,Adults
Img2485.jpg,Toddler
Img7678.jpg,Toddler
Img1304.jpg,Adults
Img1157.jpg,Adults
Img1109.jpg,Adults
Img1728.jpg,Toddler
Img1484.jpg,Adults
Img3142.jpg,Adults
Img2586.jpg,Adults
Img3835.jpg,Adults
Img3881.jpg,Adults
Img2145.jpg,Adults
Img1850.jpg,Teenagers
Img6695.jpg,Adults
Img2220.jpg,Adults
Img1864.jpg,Adults
Img1928.jpg,Teenagers
Img2073.jpg,Adults
Img2524.jpg,Toddler
Img1704.jpg,Toddler
Img2363.jpg,Teenagers
Img2267.jpg,Adults
Img7867.jpg,Teenagers
Img1001.jpg,Adults
Img1337.jpg,Adults
Img2885.jpg,Adults
Img5667.jpg,Adults
Img1286.jpg,Adults
Img2465.jpg,Adults
Img3114.jpg,Adults
Img4328.jpg,Toddler
Img3211.jpg,Adults
Img1136.jpg,Toddler
Img1621.jpg,Toddler
Img5128.jpg,Teenagers
Img2311.jpg,Adults
Img3148.jpg,Adults
Img3081.jpg,Adults
Img3606.jpg,Toddler
Img2247.jpg,Teenagers
Img2940.jpg,Adults
Img2229.jpg,Adults
Img2316.jpg,Toddler
Img6122.jpg,Toddler
Img2618.jpg,Toddler
Img1875.jpg,Adults
Img4218.jpg,Teenagers
Img3922.jpg,Adults
Img2351.jpg,Adults
Img2216.jpg,Adults
Img1647.jpg,Adults
Img2228.jpg,Adults
Img7126.jpg,Adults
Img1989.jpg,Adults
Img5705.jpg,Toddler
Img1981.jpg,Adults
Img2125.jpg,Toddler
Img1753.jpg,Adults
Img3660.jpg,Adults
Img2155.jpg,Adults
Img2055.jpg,Adults
Img3741.jpg,Toddler
Img1925.jpg,Toddler
Img2154.jpg,Adults
Img1787.jpg,Adults
Img4163.jpg,Toddler
Img1740.jpg,Adults
Img1186.jpg,Toddler
Img1415.jpg,Toddler
Img5066.jpg,Adults
Img6153.jpg,Toddler
Img1212.jpg,Adults
Img7560.jpg,Toddler
Img2445.jpg,Adults
Img5336.jpg,Toddler
Img3026.jpg,Adults
Img1562.jpg,Toddler
Img3669.jpg,Adults
Img4606.jpg,Adults
Img1090.jpg,Adults
Img3034.jpg,Toddler
Img3931.jpg,Toddler
Img1823.jpg,Adults
Img1439.jpg,Toddler
Img2134.jpg,Adults
Img3096.jpg,Adults
Img2704.jpg,Toddler
Img2286.jpg,Adults
Img4179.jpg,Teenagers
Img2190.jpg,Teenagers
Img1546.jpg,Teenagers
Img3823.jpg,Adults
Img1064.jpg,Teenagers
Img6376.jpg,Toddler
Img7345.jpg,Adults
Img2863.jpg,Adults
Img7195.jpg,Adults
Img1310.jpg,Adults
Img2954.jpg,Adults
Img3413.jpg,Adults
Img4339.jpg,Teenagers
Img6454.jpg,Teenagers
Img3374.jpg,Adults
Img3222.jpg,Toddler
Img1393.jpg,Adults
Img2454.jpg,Adults
Img2046.jpg,Teenagers
Img6896.jpg,Toddler
Img1569.jpg,Adults
Img3024.jpg,Toddler
Img7976.jpg,Adults
Img5768.jpg,Toddler
Img1776.jpg,Adults
Img1298.jpg,Adults
Img1122.jpg,Adults
Img1844.jpg,Adults
Img2297.jpg,Toddler
Img5182.jpg,Adults
Img6426.jpg,Toddler
Img1025.jpg,Adults
Img1847.jpg,Adults
Img1746.jpg,Adults
Img1771.jpg,Adults
Img7683.jpg,Adults
Img6057.jpg,Adults
Img3382.jpg,Adults
Img3350.jpg,Teenagers
Img1909.jpg,Adults
Img2967.jpg,Adults
Img1931.jpg,Adults
Img3907.jpg,Toddler
Img1839.jpg,Toddler
Img1628.jpg,Adults
Img4549.jpg,Toddler
Img2813.jpg,Adults
Img5576.jpg,Toddler
Img1311.jpg,Teenagers
Img1922.jpg,Adults
Img1915.jpg,Adults
Img2642.jpg,Adults
Img6615.jpg,Toddler
Img2082.jpg,Adults
Img3740.jpg,Adults
Img1182.jpg,Adults
Img5456.jpg,Adults
Img1573.jpg,Adults
Img3194.jpg,Toddler
Img1270.jpg,Toddler
Img1168.jpg,Adults
Img2924.jpg,Adults
Img6458.jpg,Toddler
Img2406.jpg,Toddler
Img5694.jpg,Toddler
Img1466.jpg,Teenagers
Img3433.jpg,Adults
Img1971.jpg,Adults
Img2391.jpg,Adults
Img1950.jpg,Adults
Img1819.jpg,Adults
Img7862.jpg,Adults
Img2085.jpg,Adults
Img1601.jpg,Adults
Img7078.jpg,Adults
Img2501.jpg,Adults
Img2439.jpg,Adults
Img1699.jpg,Toddler
Img1175.jpg,Adults
Img3978.jpg,Adults
Img3629.jpg,Adults
Img2365.jpg,Adults
Img3687.jpg,Adults
Img3983.jpg,Teenagers
Img1451.jpg,Toddler
Img1448.jpg,Toddler
Img3496.jpg,Toddler
Img3074.jpg,Adults
Img1369.jpg,Adults
Img6271.jpg,Toddler
Img3917.jpg,Adults
Img1535.jpg,Adults
Img7243.jpg,Adults
Img2318.jpg,Toddler
Img6949.jpg,Teenagers
Img3469.jpg,Adults
Img5245.jpg,Adults
Img3353.jpg,Adults
Img1766.jpg,Adults
Img7417.jpg,Toddler
Img1612.jpg,Adults
Img1155.jpg,Adults
Img3976.jpg,Adults
Img1530.jpg,Adults
Img1077.jpg,Adults
Img2672.jpg,Adults
Img4513.jpg,Toddler
Img1851.jpg,Adults
Img3356.jpg,Adults
Img5354.jpg,Adults
Img1955.jpg,Toddler
Img1279.jpg,Adults
Img1826.jpg,Toddler
Img1305.jpg,Adults
Img1792.jpg,Adults
Img2017.jpg,Adults
Img1417.jpg,Toddler
Img2081.jpg,Toddler
Img1472.jpg,Toddler
Img2602.jpg,Adults
Img1114.jpg,Adults
Img4934.jpg,Adults
Img1733.jpg,Adults
Img2307.jpg,Adults
Img1208.jpg,Toddler
Img1811.jpg,Adults
Img2629.jpg,Toddler
Img1073.jpg,Adults
Img1017.jpg,Adults
Img2420.jpg,Adults
Img5852.jpg,Toddler
Img1071.jpg,Adults
Img1382.jpg,Teenagers
Img2502.jpg,Teenagers
Img1499.jpg,Adults
Img3731.jpg,Adults
Img3247.jpg,Adults
Img1872.jpg,Adults
Img1252.jpg,Adults
Img7434.jpg,Toddler
Img7130.jpg,Adults
Img3033.jpg,Toddler
Img2478.jpg,Adults
Img1183.jpg,Adults
Img1360.jpg,Adults
Img2061.jpg,Toddler
Img2685.jpg,Adults
Img1868.jpg,Teenagers
Img7147.jpg,Adults
Img2677.jpg,Adults
Img2455.jpg,Adults
Img4834.jpg,Toddler
Img2040.jpg,Adults
Img1951.jpg,Teenagers
Img5148.jpg,Adults
Img3968.jpg,Adults
Img6290.jpg,Toddler
